-- phpMyAdmin SQL Dump
-- version 4.9.5deb2
-- https://www.phpmyadmin.net/
--
-- Host: localhost:3306
-- Generation Time: Sep 30, 2022 at 11:29 AM
-- Server version: 8.0.30-0ubuntu0.20.04.2
-- PHP Version: 7.4.3

SET SQL_MODE = "NO_AUTO_VALUE_ON_ZERO";
SET AUTOCOMMIT = 0;
START TRANSACTION;
SET time_zone = "+00:00";


/*!40101 SET @OLD_CHARACTER_SET_CLIENT=@@CHARACTER_SET_CLIENT */;
/*!40101 SET @OLD_CHARACTER_SET_RESULTS=@@CHARACTER_SET_RESULTS */;
/*!40101 SET @OLD_COLLATION_CONNECTION=@@COLLATION_CONNECTION */;
/*!40101 SET NAMES utf8mb4 */;

--
-- Database: `webreathe`
--

-- --------------------------------------------------------

--
-- Table structure for table `mesures`
--

CREATE TABLE `mesures` (
  `id_mesure` int NOT NULL,
  `val_mesure` float NOT NULL DEFAULT '0',
  `date_mesure` date NOT NULL,
  `id_module` int NOT NULL
) ENGINE=InnoDB DEFAULT CHARSET=utf8mb3;

--
-- Dumping data for table `mesures`
--

INSERT INTO `mesures` (`id_mesure`, `val_mesure`, `date_mesure`, `id_module`) VALUES
(1, 20, '2022-09-26', 2),
(2, 45, '2022-09-27', 2),
(3, 30, '2022-09-28', 2),
(4, 50, '2022-09-25', 3),
(5, 45, '2022-09-26', 3),
(6, 0, '2022-09-27', 1),
(7, 0, '2022-09-27', 1),
(8, 0, '2022-09-27', 16),
(9, -90, '2022-09-27', 1),
(10, 46, '2022-09-27', 1),
(11, 94, '2022-09-27', 1),
(12, 85, '2022-09-27', 1),
(13, -70, '2022-09-27', 1),
(14, -83, '2022-09-27', 3),
(15, 46, '2022-09-27', 3),
(16, 86, '2022-09-27', 10),
(17, -51, '2022-09-27', 10),
(18, 92, '2022-09-27', 6),
(19, 99, '2022-09-27', 13),
(20, 19, '2022-09-27', 11),
(21, 66, '2022-09-27', 7),
(22, 86, '2022-09-27', 10),
(23, 60, '2022-09-27', 11),
(24, 80, '2022-09-27', 5),
(25, 96, '2022-09-27', 10),
(26, 25, '2022-09-27', 13),
(27, -16, '2022-09-27', 15),
(28, -44, '2022-09-27', 11),
(29, 44, '2022-09-27', 3),
(30, -21, '2022-09-27', 5),
(31, -67, '2022-09-27', 2),
(32, 87, '2022-09-27', 3),
(33, 99, '2022-09-27', 16),
(34, 8, '2022-09-27', 2),
(35, 66, '2022-09-27', 12),
(36, 36, '2022-09-27', 6),
(37, -68, '2022-09-27', 9),
(38, -15, '2022-09-27', 8),
(39, 47, '2022-09-27', 13),
(40, 26, '2022-09-27', 8),
(41, -32, '2022-09-27', 8),
(42, -76, '2022-09-27', 6),
(43, 50, '2022-09-27', 5),
(44, -77, '2022-09-27', 3),
(45, -26, '2022-09-27', 4),
(46, 33, '2022-09-27', 1),
(47, -22, '2022-09-27', 8),
(48, 50, '2022-09-27', 16),
(49, -6, '2022-09-27', 9),
(50, -46, '2022-09-27', 12),
(51, -86, '2022-09-27', 8),
(52, -31, '2022-09-27', 1),
(53, 45, '2022-09-27', 12),
(54, -6, '2022-09-27', 11),
(55, 32, '2022-09-27', 4),
(56, -97, '2022-09-27', 4),
(57, 87, '2022-09-27', 7),
(58, 70, '2022-09-27', 9),
(59, -96, '2022-09-27', 10),
(60, 23, '2022-09-27', 2),
(61, 77, '2022-09-27', 12),
(62, 55, '2022-09-27', 16),
(63, -4, '2022-09-27', 11),
(64, -69, '2022-09-27', 7),
(65, 6, '2022-09-27', 5),
(66, -92, '2022-09-27', 9),
(67, -77, '2022-09-27', 4),
(68, -79, '2022-09-27', 5),
(69, 62, '2022-09-27', 13),
(70, -3, '2022-09-27', 6),
(71, 23, '2022-09-27', 10),
(72, 27, '2022-09-27', 2),
(73, 28, '2022-09-27', 1),
(74, -83, '2022-09-27', 8),
(75, 50, '2022-09-27', 11),
(76, -79, '2022-09-27', 13),
(77, 1, '2022-09-27', 2),
(78, 9, '2022-09-27', 7),
(79, -75, '2022-09-27', 4),
(80, -26, '2022-09-27', 9),
(81, -5, '2022-09-27', 16),
(82, -33, '2022-09-27', 5),
(83, -25, '2022-09-27', 14),
(84, 23, '2022-09-27', 7),
(85, -26, '2022-09-27', 5),
(86, 93, '2022-09-27', 14),
(87, 70, '2022-09-27', 13),
(88, -66, '2022-09-27', 5),
(89, 86, '2022-09-27', 10),
(90, -32, '2022-09-27', 3),
(91, -98, '2022-09-27', 11),
(92, -72, '2022-09-27', 4),
(93, 24, '2022-09-27', 14),
(94, -54, '2022-09-27', 7),
(95, -26, '2022-09-27', 12),
(96, 53, '2022-09-27', 3),
(97, 67, '2022-09-27', 12),
(98, -78, '2022-09-27', 1),
(99, 91, '2022-09-27', 14),
(100, 45, '2022-09-27', 13),
(101, 76, '2022-09-27', 6),
(102, -1, '2022-09-27', 1),
(103, 69, '2022-09-27', 7),
(104, -90, '2022-09-27', 6),
(105, 54, '2022-09-27', 5),
(106, -14, '2022-09-27', 15),
(107, -8, '2022-09-27', 14),
(108, 50, '2022-09-27', 7),
(109, -50, '2022-09-27', 8),
(110, -75, '2022-09-27', 3),
(111, -19, '2022-09-27', 10),
(112, -24, '2022-09-27', 14),
(113, -4, '2022-09-27', 12),
(114, 82, '2022-09-27', 10),
(115, 85, '2022-09-27', 5),
(116, -23, '2022-09-27', 9),
(117, 36, '2022-09-27', 1),
(118, 55, '2022-09-27', 10),
(119, 63, '2022-09-27', 12),
(120, -14, '2022-09-27', 13),
(121, -43, '2022-09-27', 16),
(122, -87, '2022-09-27', 14),
(123, 32, '2022-09-27', 11),
(124, 83, '2022-09-27', 8),
(125, 58, '2022-09-27', 1),
(126, 20, '2022-09-27', 13),
(127, 87, '2022-09-27', 15),
(128, 65, '2022-09-27', 2),
(129, -74, '2022-09-27', 16),
(130, -99, '2022-09-27', 11),
(131, 43, '2022-09-27', 2),
(132, 49, '2022-09-27', 1),
(133, 69, '2022-09-27', 2),
(134, -82, '2022-09-27', 16),
(135, 71, '2022-09-27', 16),
(136, -53, '2022-09-27', 11),
(137, -55, '2022-09-27', 5),
(138, 42, '2022-09-27', 9),
(139, 8, '2022-09-27', 14),
(140, -22, '2022-09-27', 2),
(141, 18, '2022-09-27', 3),
(142, 67, '2022-09-27', 4),
(143, -84, '2022-09-27', 5),
(144, 96, '2022-09-27', 12),
(145, -3, '2022-09-27', 10),
(146, -93, '2022-09-27', 8),
(147, 57, '2022-09-27', 3),
(148, 38, '2022-09-27', 10),
(149, -80, '2022-09-27', 16),
(150, -14, '2022-09-27', 1),
(151, -21, '2022-09-27', 15),
(152, -30, '2022-09-27', 10),
(153, 3, '2022-09-27', 16),
(154, 11, '2022-09-27', 13),
(155, 41, '2022-09-27', 9),
(156, -44, '2022-09-27', 4),
(157, -41, '2022-09-27', 10),
(158, -7, '2022-09-27', 9),
(159, 82, '2022-09-27', 14),
(160, 33, '2022-09-27', 10),
(161, -21, '2022-09-27', 1),
(162, 55, '2022-09-27', 6),
(163, -92, '2022-09-27', 5),
(164, -45, '2022-09-27', 7),
(165, -78, '2022-09-27', 6),
(166, 90, '2022-09-27', 11),
(167, -73, '2022-09-27', 1),
(168, 93, '2022-09-27', 7),
(169, 52, '2022-09-27', 9),
(170, 14, '2022-09-27', 4),
(171, -85, '2022-09-27', 7),
(172, 84, '2022-09-27', 14),
(173, -17, '2022-09-27', 14),
(174, -25, '2022-09-27', 3),
(175, -16, '2022-09-27', 4),
(176, 83, '2022-09-27', 8),
(177, -21, '2022-09-27', 8),
(178, 86, '2022-09-27', 13),
(179, -68, '2022-09-27', 15),
(180, 43, '2022-09-27', 8),
(181, 87, '2022-09-27', 2),
(182, 40, '2022-09-27', 5),
(183, 49, '2022-09-27', 5),
(184, 68, '2022-09-27', 2),
(185, -73, '2022-09-27', 7),
(186, -13, '2022-09-27', 4),
(187, -30, '2022-09-27', 15),
(188, 9, '2022-09-27', 5),
(189, -9, '2022-09-27', 12),
(190, 65, '2022-09-27', 10),
(191, 46, '2022-09-27', 13),
(192, 32, '2022-09-27', 3),
(193, 44, '2022-09-27', 8),
(194, 63, '2022-09-27', 16),
(195, 51, '2022-09-27', 15),
(196, 26, '2022-09-27', 6),
(197, -68, '2022-09-27', 1),
(198, -74, '2022-09-27', 11),
(199, -34, '2022-09-27', 16),
(200, 67, '2022-09-27', 8),
(201, 19, '2022-09-27', 11),
(202, -8, '2022-09-27', 13),
(203, 38, '2022-09-27', 10),
(204, 47, '2022-09-27', 7),
(205, -53, '2022-09-27', 7),
(206, -18, '2022-09-27', 1),
(207, 86, '2022-09-27', 15),
(208, 35, '2022-09-27', 6),
(209, -41, '2022-09-27', 11),
(210, 38, '2022-09-27', 14),
(211, 9, '2022-09-27', 9),
(212, -10, '2022-09-27', 2),
(213, -29, '2022-09-27', 10),
(214, 44, '2022-09-27', 14),
(215, -80, '2022-09-27', 7),
(216, -19, '2022-09-27', 7),
(217, 50, '2022-09-27', 5),
(218, -64, '2022-09-27', 13),
(219, -62, '2022-09-27', 6),
(220, 30, '2022-09-27', 15),
(221, -17, '2022-09-27', 9),
(222, -25, '2022-09-27', 2),
(223, -65, '2022-09-27', 3),
(224, 54, '2022-09-27', 11),
(225, 15, '2022-09-27', 7),
(226, 34, '2022-09-27', 10),
(227, 97, '2022-09-27', 3),
(228, 18, '2022-09-27', 6),
(229, -69, '2022-09-27', 14),
(230, 76, '2022-09-27', 1),
(231, -34, '2022-09-27', 12),
(232, 40, '2022-09-27', 5),
(233, 6, '2022-09-27', 4),
(234, -34, '2022-09-27', 8),
(235, -86, '2022-09-27', 14),
(236, 64, '2022-09-27', 5),
(237, -72, '2022-09-27', 2),
(238, -68, '2022-09-27', 6),
(239, -91, '2022-09-27', 5),
(240, 94, '2022-09-27', 9),
(241, -61, '2022-09-27', 5),
(242, 3, '2022-09-27', 13),
(243, -18, '2022-09-27', 8),
(244, -45, '2022-09-27', 16),
(245, 28, '2022-09-27', 11),
(246, 55, '2022-09-27', 15),
(247, 38, '2022-09-27', 11),
(248, 71, '2022-09-27', 1),
(249, -32, '2022-09-27', 5),
(250, -28, '2022-09-27', 1),
(251, -18, '2022-09-27', 11),
(252, -16, '2022-09-27', 11),
(253, -4, '2022-09-27', 5),
(254, -87, '2022-09-27', 11),
(255, -100, '2022-09-27', 3),
(256, 58, '2022-09-27', 2),
(257, -74, '2022-09-27', 7),
(258, 13, '2022-09-27', 14),
(259, 41, '2022-09-27', 12),
(260, -68, '2022-09-27', 7),
(261, 20, '2022-09-27', 2),
(262, -59, '2022-09-27', 14),
(263, -69, '2022-09-27', 13),
(264, 22, '2022-09-27', 13),
(265, -17, '2022-09-27', 5),
(266, 80, '2022-09-27', 16),
(267, 75, '2022-09-27', 14),
(268, 98, '2022-09-27', 11),
(269, 34, '2022-09-27', 13),
(270, -74, '2022-09-27', 1),
(271, -17, '2022-09-27', 9),
(272, -64, '2022-09-27', 4),
(273, 10, '2022-09-27', 1),
(274, -66, '2022-09-27', 5),
(275, 47, '2022-09-27', 9),
(276, -29, '2022-09-27', 4),
(277, 90, '2022-09-27', 3),
(278, -72, '2022-09-27', 12),
(279, 47, '2022-09-27', 9),
(280, -68, '2022-09-27', 5),
(281, 71, '2022-09-27', 9),
(282, 96, '2022-09-27', 4),
(283, 53, '2022-09-27', 1),
(284, 80, '2022-09-27', 1),
(285, -17, '2022-09-27', 15),
(286, 74, '2022-09-27', 9),
(287, -13, '2022-09-27', 13),
(288, -22, '2022-09-27', 11),
(289, 15, '2022-09-27', 16),
(290, -40, '2022-09-27', 7),
(291, 42, '2022-09-27', 4),
(292, -23, '2022-09-27', 12),
(293, -73, '2022-09-27', 7),
(294, -3, '2022-09-27', 11),
(295, 71, '2022-09-27', 11),
(296, -70, '2022-09-27', 12),
(297, -12, '2022-09-27', 10),
(298, -55, '2022-09-27', 8),
(299, 43, '2022-09-27', 4),
(300, -97, '2022-09-27', 1),
(301, 15, '2022-09-27', 7),
(302, -23, '2022-09-27', 14),
(303, -68, '2022-09-27', 16),
(304, -68, '2022-09-27', 16),
(305, 83, '2022-09-27', 4),
(306, -12, '2022-09-27', 6),
(307, -19, '2022-09-27', 1),
(308, 89, '2022-09-27', 12),
(309, 22, '2022-09-27', 15),
(310, 86, '2022-09-27', 4),
(311, 67, '2022-09-27', 7),
(312, 64, '2022-09-27', 3),
(313, -29, '2022-09-27', 15),
(314, 23, '2022-09-27', 12),
(315, 38, '2022-09-27', 3),
(316, 99, '2022-09-27', 15),
(317, 24, '2022-09-27', 13),
(318, -85, '2022-09-27', 3),
(319, -52, '2022-09-27', 10),
(320, -18, '2022-09-27', 10),
(321, 5, '2022-09-27', 9),
(322, -82, '2022-09-27', 9),
(323, -26, '2022-09-27', 3),
(324, 8, '2022-09-27', 12),
(325, -33, '2022-09-27', 4),
(326, 68, '2022-09-27', 15),
(327, 32, '2022-09-27', 10),
(328, 16, '2022-09-27', 2),
(329, 80, '2022-09-27', 15),
(330, -51, '2022-09-27', 5),
(331, -99, '2022-09-27', 9),
(332, -13, '2022-09-27', 4),
(333, 2, '2022-09-27', 15),
(334, -11, '2022-09-27', 3),
(335, -43, '2022-09-27', 7),
(336, 8, '2022-09-27', 16),
(337, -23, '2022-09-27', 9),
(338, -35, '2022-09-27', 10),
(339, 6, '2022-09-27', 11),
(340, 80, '2022-09-27', 4),
(341, 69, '2022-09-27', 12),
(342, 2, '2022-09-27', 10),
(343, -53, '2022-09-27', 16),
(344, -17, '2022-09-27', 13),
(345, 76, '2022-09-27', 2),
(346, -32, '2022-09-27', 15),
(347, 4, '2022-09-27', 6),
(348, 24, '2022-09-27', 8),
(349, 17, '2022-09-27', 3),
(350, -96, '2022-09-27', 12),
(351, -99, '2022-09-27', 3),
(352, 25, '2022-09-27', 15),
(353, 6, '2022-09-27', 7),
(354, 67, '2022-09-27', 10),
(355, 65, '2022-09-27', 8),
(356, 30, '2022-09-27', 10),
(357, 83, '2022-09-27', 11),
(358, 98, '2022-09-27', 3),
(359, -64, '2022-09-27', 6),
(360, -97, '2022-09-27', 5),
(361, -68, '2022-09-27', 10),
(362, -62, '2022-09-27', 13),
(363, 76, '2022-09-27', 3),
(364, 77, '2022-09-27', 8),
(365, 83, '2022-09-27', 2),
(366, 98, '2022-09-27', 16),
(367, 40, '2022-09-27', 3),
(368, 50, '2022-09-27', 5),
(369, -57, '2022-09-27', 14),
(370, -33, '2022-09-27', 2),
(371, 4, '2022-09-27', 8),
(372, -36, '2022-09-27', 6),
(373, -47, '2022-09-27', 14),
(374, -71, '2022-09-27', 6),
(375, -27, '2022-09-27', 8),
(376, -77, '2022-09-27', 5),
(377, 29, '2022-09-27', 16),
(378, -38, '2022-09-27', 9),
(379, -24, '2022-09-27', 3),
(380, -86, '2022-09-27', 4),
(381, -24, '2022-09-27', 3),
(382, -41, '2022-09-27', 5),
(383, 32, '2022-09-27', 9),
(384, -3, '2022-09-27', 16),
(385, 45, '2022-09-27', 15),
(386, 74, '2022-09-27', 6),
(387, 19, '2022-09-27', 5),
(388, -23, '2022-09-27', 15),
(389, 47, '2022-09-27', 2),
(390, 40, '2022-09-27', 6),
(391, 19, '2022-09-27', 16),
(392, -48, '2022-09-27', 14),
(393, 30, '2022-09-27', 14),
(394, -17, '2022-09-27', 11),
(395, -38, '2022-09-27', 9),
(396, 79, '2022-09-27', 4),
(397, -48, '2022-09-27', 16),
(398, -58, '2022-09-27', 7),
(399, 39, '2022-09-27', 3),
(400, 56, '2022-09-27', 16),
(401, 32, '2022-09-27', 13),
(402, 80, '2022-09-27', 11),
(403, 17, '2022-09-27', 16),
(404, -26, '2022-09-27', 5),
(405, 95, '2022-09-27', 7),
(406, -6, '2022-09-27', 13),
(407, -47, '2022-09-27', 8),
(408, -97, '2022-09-27', 5),
(409, -72, '2022-09-27', 2),
(410, -68, '2022-09-27', 5),
(411, 54, '2022-09-27', 13),
(412, 89, '2022-09-27', 10),
(413, 98, '2022-09-27', 8),
(414, -52, '2022-09-27', 12),
(415, 73, '2022-09-27', 6),
(416, 61, '2022-09-27', 11),
(417, -34, '2022-09-27', 11),
(418, 62, '2022-09-27', 13),
(419, -17, '2022-09-27', 4),
(420, 14, '2022-09-27', 9),
(421, -10, '2022-09-27', 8),
(422, -91, '2022-09-27', 2),
(423, -28, '2022-09-27', 5),
(424, 18, '2022-09-27', 3),
(425, 44, '2022-09-27', 2),
(426, 26, '2022-09-27', 4),
(427, -66, '2022-09-27', 2),
(428, -91, '2022-09-27', 14),
(429, 22, '2022-09-27', 5),
(430, -72, '2022-09-27', 15),
(431, 64, '2022-09-27', 2),
(432, 61, '2022-09-27', 1),
(433, -99, '2022-09-27', 11),
(434, 72, '2022-09-27', 14),
(435, 37, '2022-09-27', 1),
(436, -83, '2022-09-27', 4),
(437, 90, '2022-09-27', 3),
(438, -95, '2022-09-27', 8),
(439, 74, '2022-09-27', 8),
(440, -41, '2022-09-27', 13),
(441, 47, '2022-09-27', 15),
(442, 81, '2022-09-27', 6),
(443, -74, '2022-09-27', 6),
(444, -22, '2022-09-27', 12),
(445, 35, '2022-09-27', 15),
(446, -75, '2022-09-27', 1),
(447, 70, '2022-09-27', 10),
(448, 45, '2022-09-27', 9),
(449, 42, '2022-09-27', 2),
(450, 7, '2022-09-27', 12),
(451, 28, '2022-09-27', 13),
(452, -73, '2022-09-27', 1),
(453, -87, '2022-09-27', 7),
(454, 20, '2022-09-27', 9),
(455, -82, '2022-09-27', 12),
(456, -18, '2022-09-27', 9),
(457, 65, '2022-09-27', 1),
(458, -67, '2022-09-27', 2),
(459, -29, '2022-09-27', 6),
(460, -63, '2022-09-27', 4),
(461, -22, '2022-09-27', 14),
(462, 11, '2022-09-27', 8),
(463, 18, '2022-09-27', 16),
(464, -35, '2022-09-27', 10),
(465, -97, '2022-09-27', 5),
(466, -83, '2022-09-27', 4),
(467, -3, '2022-09-27', 16),
(468, 46, '2022-09-27', 1),
(469, 95, '2022-09-27', 7),
(470, -25, '2022-09-27', 10),
(471, 91, '2022-09-27', 7),
(472, -86, '2022-09-27', 12),
(473, -10, '2022-09-27', 13),
(474, 11, '2022-09-27', 15),
(475, -80, '2022-09-27', 2),
(476, 17, '2022-09-27', 13),
(477, 7, '2022-09-27', 11),
(478, -42, '2022-09-27', 12),
(479, -90, '2022-09-27', 8),
(480, -25, '2022-09-27', 6),
(481, -13, '2022-09-27', 3),
(482, 75, '2022-09-27', 8),
(483, 96, '2022-09-27', 6),
(484, -42, '2022-09-27', 1),
(485, -91, '2022-09-27', 8),
(486, 94, '2022-09-27', 10),
(487, -51, '2022-09-27', 16),
(488, -5, '2022-09-27', 2),
(489, -62, '2022-09-27', 11),
(490, 39, '2022-09-27', 14),
(491, 91, '2022-09-27', 11),
(492, 46, '2022-09-27', 15),
(493, 80, '2022-09-27', 6),
(494, -34, '2022-09-27', 14),
(495, 40, '2022-09-27', 2),
(496, 37, '2022-09-27', 5),
(497, 75, '2022-09-27', 2),
(498, -53, '2022-09-27', 5),
(499, 43, '2022-09-27', 8),
(500, -2, '2022-09-27', 4),
(501, 86, '2022-09-27', 8),
(502, -9, '2022-09-27', 10),
(503, -74, '2022-09-27', 13),
(504, 51, '2022-09-27', 5),
(505, 60, '2022-09-27', 10),
(506, -95, '2022-09-27', 7),
(507, 24, '2022-09-27', 1),
(508, -88, '2022-09-27', 5),
(509, 52, '2022-09-27', 15),
(510, 24, '2022-09-27', 3),
(511, -49, '2022-09-27', 6),
(512, -32, '2022-09-27', 11),
(513, -79, '2022-09-27', 15),
(514, 36, '2022-09-27', 13),
(515, 39, '2022-09-27', 7),
(516, -53, '2022-09-27', 9),
(517, -54, '2022-09-27', 15),
(518, 86, '2022-09-27', 15),
(519, 87, '2022-09-27', 4),
(520, 45, '2022-09-27', 7),
(521, 63, '2022-09-27', 16),
(522, 71, '2022-09-27', 14),
(523, -93, '2022-09-27', 5),
(524, 98, '2022-09-27', 3),
(525, -87, '2022-09-27', 7),
(526, 50, '2022-09-27', 12),
(527, -37, '2022-09-27', 16),
(528, 79, '2022-09-27', 3),
(529, -99, '2022-09-27', 12),
(530, -97, '2022-09-27', 12),
(531, 96, '2022-09-27', 6),
(532, -4, '2022-09-27', 15),
(533, -95, '2022-09-27', 15),
(534, 12, '2022-09-27', 2),
(535, -90, '2022-09-27', 3),
(536, -67, '2022-09-27', 12),
(537, 39, '2022-09-27', 6),
(538, 3, '2022-09-27', 14),
(539, -67, '2022-09-27', 7),
(540, 26, '2022-09-27', 6),
(541, -46, '2022-09-27', 8),
(542, -9, '2022-09-27', 15),
(543, -86, '2022-09-27', 10),
(544, 1, '2022-09-27', 13),
(545, -13, '2022-09-27', 4),
(546, 37, '2022-09-27', 6),
(547, -88, '2022-09-27', 7),
(548, 7, '2022-09-27', 16),
(549, 70, '2022-09-27', 14),
(550, 37, '2022-09-27', 8),
(551, -42, '2022-09-27', 5),
(552, -36, '2022-09-27', 2),
(553, -88, '2022-09-27', 5),
(554, 13, '2022-09-27', 13),
(555, -94, '2022-09-27', 12),
(556, -99, '2022-09-27', 2),
(557, -2, '2022-09-27', 2),
(558, -71, '2022-09-27', 14),
(559, -73, '2022-09-27', 12),
(560, 52, '2022-09-27', 6),
(561, 49, '2022-09-27', 1),
(562, 51, '2022-09-27', 4),
(563, -93, '2022-09-27', 16),
(564, 96, '2022-09-27', 11),
(565, -75, '2022-09-27', 8),
(566, 64, '2022-09-27', 12),
(567, 3, '2022-09-27', 1),
(568, -98, '2022-09-27', 16),
(569, 93, '2022-09-27', 16),
(570, 44, '2022-09-27', 10),
(571, -42, '2022-09-27', 8),
(572, -59, '2022-09-27', 2),
(573, 82, '2022-09-27', 10),
(574, 79, '2022-09-27', 14),
(575, 50, '2022-09-27', 12),
(576, 98, '2022-09-27', 8),
(577, -81, '2022-09-27', 10),
(578, -5, '2022-09-27', 14),
(579, -54, '2022-09-27', 9),
(580, 60, '2022-09-27', 15),
(581, -21, '2022-09-27', 16),
(582, -94, '2022-09-27', 16),
(583, 28, '2022-09-27', 12),
(584, 28, '2022-09-27', 1),
(585, -55, '2022-09-27', 10),
(586, -71, '2022-09-27', 7),
(587, 95, '2022-09-27', 15),
(588, 21, '2022-09-27', 10),
(589, -22, '2022-09-27', 6),
(590, 80, '2022-09-27', 11),
(591, 42, '2022-09-27', 1),
(592, 10, '2022-09-27', 14),
(593, -13, '2022-09-27', 15),
(594, -45, '2022-09-27', 9),
(595, -68, '2022-09-27', 14),
(596, 14, '2022-09-27', 12),
(597, 7, '2022-09-27', 14),
(598, -1, '2022-09-27', 11),
(599, 28, '2022-09-27', 9),
(600, -65, '2022-09-27', 8),
(601, 10, '2022-09-27', 11),
(602, 25, '2022-09-27', 11),
(603, -16, '2022-09-27', 2),
(604, 87, '2022-09-27', 8),
(605, 98, '2022-09-27', 3),
(606, -93, '2022-09-27', 14),
(607, 78, '2022-09-27', 2),
(608, -11, '2022-09-27', 12),
(609, 29, '2022-09-27', 3),
(610, 41, '2022-09-27', 12),
(611, -5, '2022-09-27', 11),
(612, -74, '2022-09-27', 16),
(613, -24, '2022-09-27', 16),
(614, 87, '2022-09-27', 16),
(615, -12, '2022-09-27', 9),
(616, -33, '2022-09-27', 11),
(617, -44, '2022-09-27', 3),
(618, 82, '2022-09-27', 13),
(619, 10, '2022-09-27', 14),
(620, 80, '2022-09-27', 8),
(621, -21, '2022-09-27', 10),
(622, 26, '2022-09-27', 14),
(623, -57, '2022-09-27', 14),
(624, -48, '2022-09-27', 12),
(625, 85, '2022-09-27', 10),
(626, 94, '2022-09-27', 1),
(627, 43, '2022-09-27', 6),
(628, -76, '2022-09-27', 6),
(629, 80, '2022-09-27', 2),
(630, -15, '2022-09-27', 11),
(631, -35, '2022-09-27', 4),
(632, -85, '2022-09-27', 8),
(633, 18, '2022-09-27', 5),
(634, 26, '2022-09-27', 3),
(635, -57, '2022-09-27', 3),
(636, 54, '2022-09-27', 12),
(637, 24, '2022-09-27', 16),
(638, -14, '2022-09-27', 9),
(639, 8, '2022-09-27', 6),
(640, -37, '2022-09-27', 11),
(641, -13, '2022-09-27', 9),
(642, -50, '2022-09-27', 1),
(643, 52, '2022-09-27', 14),
(644, 53, '2022-09-27', 7),
(645, -42, '2022-09-27', 10),
(646, 63, '2022-09-27', 8),
(647, -34, '2022-09-27', 12),
(648, 87, '2022-09-27', 8),
(649, 5, '2022-09-27', 1),
(650, 25, '2022-09-27', 10),
(651, 11, '2022-09-27', 6),
(652, 98, '2022-09-27', 9),
(653, 65, '2022-09-27', 6),
(654, 66, '2022-09-27', 2),
(655, -100, '2022-09-27', 14),
(656, 32, '2022-09-27', 9),
(657, -30, '2022-09-27', 16),
(658, -41, '2022-09-27', 13),
(659, -61, '2022-09-27', 9),
(660, -19, '2022-09-27', 2),
(661, -50, '2022-09-27', 13),
(662, -97, '2022-09-27', 9),
(663, 81, '2022-09-27', 16),
(664, -14, '2022-09-27', 5),
(665, -14, '2022-09-27', 9),
(666, -91, '2022-09-27', 2),
(667, -6, '2022-09-27', 6),
(668, -20, '2022-09-27', 9),
(669, -96, '2022-09-27', 4),
(670, -100, '2022-09-27', 8),
(671, -27, '2022-09-27', 7),
(672, -25, '2022-09-27', 9),
(673, 99, '2022-09-27', 4),
(674, -69, '2022-09-27', 14),
(675, 99, '2022-09-27', 14),
(676, 31, '2022-09-27', 11),
(677, 56, '2022-09-27', 9),
(678, -44, '2022-09-27', 4),
(679, -91, '2022-09-27', 13),
(680, 70, '2022-09-27', 12),
(681, 22, '2022-09-27', 4),
(682, 87, '2022-09-27', 2),
(683, 10, '2022-09-27', 11),
(684, -97, '2022-09-27', 14),
(685, 79, '2022-09-27', 16),
(686, 1, '2022-09-27', 2),
(687, 16, '2022-09-27', 1),
(688, 31, '2022-09-27', 9),
(689, 98, '2022-09-27', 16),
(690, -64, '2022-09-27', 4),
(691, -32, '2022-09-27', 5),
(692, 1, '2022-09-27', 2),
(693, -91, '2022-09-27', 9),
(694, 69, '2022-09-27', 13),
(695, 93, '2022-09-27', 7),
(696, 39, '2022-09-27', 12),
(697, -90, '2022-09-27', 16),
(698, -9, '2022-09-27', 10),
(699, -27, '2022-09-27', 3),
(700, 33, '2022-09-27', 2),
(701, -19, '2022-09-27', 11),
(702, -23, '2022-09-27', 7),
(703, 93, '2022-09-27', 10),
(704, -4, '2022-09-27', 9),
(705, 14, '2022-09-27', 10),
(706, 6, '2022-09-27', 5),
(707, 95, '2022-09-27', 12),
(708, -32, '2022-09-27', 11),
(709, 31, '2022-09-27', 16),
(710, 21, '2022-09-27', 12),
(711, -58, '2022-09-27', 15),
(712, 7, '2022-09-27', 9),
(713, 76, '2022-09-27', 7),
(714, -82, '2022-09-27', 4),
(715, 90, '2022-09-27', 5),
(716, -64, '2022-09-27', 15),
(717, -46, '2022-09-27', 1),
(718, -85, '2022-09-27', 9),
(719, 15, '2022-09-27', 5),
(720, -20, '2022-09-27', 12),
(721, -98, '2022-09-27', 3),
(722, -22, '2022-09-27', 16),
(723, -39, '2022-09-27', 8),
(724, -12, '2022-09-27', 15),
(725, 88, '2022-09-27', 11),
(726, 66, '2022-09-27', 12),
(727, 62, '2022-09-27', 9),
(728, 14, '2022-09-27', 15),
(729, 87, '2022-09-27', 5),
(730, -34, '2022-09-27', 15),
(731, 11, '2022-09-27', 3),
(732, 22, '2022-09-27', 2),
(733, 15, '2022-09-27', 1),
(734, 23, '2022-09-27', 2),
(735, 79, '2022-09-27', 3),
(736, 58, '2022-09-27', 4),
(737, -80, '2022-09-27', 16),
(738, -35, '2022-09-27', 12),
(739, -14, '2022-09-27', 13),
(740, 47, '2022-09-27', 6),
(741, 60, '2022-09-27', 9),
(742, -54, '2022-09-27', 8),
(743, 75, '2022-09-27', 11),
(744, -10, '2022-09-27', 13),
(745, -56, '2022-09-27', 6),
(746, -10, '2022-09-27', 4),
(747, -17, '2022-09-27', 5),
(748, 79, '2022-09-27', 13),
(749, -66, '2022-09-27', 8),
(750, 95, '2022-09-27', 15),
(751, -26, '2022-09-27', 10),
(752, 84, '2022-09-27', 13),
(753, 29, '2022-09-27', 12),
(754, 84, '2022-09-27', 2),
(755, 91, '2022-09-27', 15),
(756, -60, '2022-09-27', 15),
(757, 45, '2022-09-27', 3),
(758, -74, '2022-09-27', 5),
(759, 1, '2022-09-27', 7),
(760, 75, '2022-09-27', 10),
(761, -6, '2022-09-27', 11),
(762, 46, '2022-09-27', 1),
(763, -15, '2022-09-27', 1),
(764, 24, '2022-09-27', 1),
(765, 6, '2022-09-27', 14),
(766, -39, '2022-09-27', 13),
(767, -89, '2022-09-27', 6),
(768, -54, '2022-09-27', 2),
(769, -99, '2022-09-27', 1),
(770, 35, '2022-09-27', 1),
(771, -9, '2022-09-27', 14),
(772, 38, '2022-09-27', 15),
(773, 72, '2022-09-27', 12),
(774, 90, '2022-09-27', 14),
(775, -47, '2022-09-27', 10),
(776, 43, '2022-09-27', 3),
(777, -2, '2022-09-27', 3),
(778, 33, '2022-09-27', 9),
(779, 20, '2022-09-27', 8),
(780, 82, '2022-09-27', 2),
(781, -61, '2022-09-27', 5),
(782, -32, '2022-09-27', 4),
(783, 61, '2022-09-27', 10),
(784, -30, '2022-09-27', 12),
(785, 2, '2022-09-27', 13),
(786, 58, '2022-09-27', 11),
(787, -27, '2022-09-27', 9),
(788, 30, '2022-09-27', 15),
(789, -5, '2022-09-27', 15),
(790, 71, '2022-09-27', 5),
(791, -88, '2022-09-27', 1),
(792, -60, '2022-09-27', 15),
(793, 24, '2022-09-27', 13),
(794, 47, '2022-09-27', 7),
(795, 81, '2022-09-27', 14),
(796, -39, '2022-09-27', 9),
(797, -53, '2022-09-27', 3),
(798, -86, '2022-09-27', 1),
(799, -80, '2022-09-27', 13),
(800, 86, '2022-09-27', 5),
(801, 94, '2022-09-27', 3),
(802, 68, '2022-09-27', 14),
(803, -61, '2022-09-27', 5),
(804, 7, '2022-09-27', 7),
(805, -90, '2022-09-27', 8),
(806, -83, '2022-09-27', 2),
(807, 75, '2022-09-27', 7),
(808, 16, '2022-09-27', 9),
(809, 95, '2022-09-27', 16),
(810, -49, '2022-09-27', 13),
(811, -54, '2022-09-27', 1),
(812, 91, '2022-09-27', 4),
(813, 44, '2022-09-27', 4),
(814, -71, '2022-09-27', 12),
(815, -39, '2022-09-27', 3),
(816, -12, '2022-09-27', 7),
(817, -56, '2022-09-27', 10),
(818, -59, '2022-09-27', 16),
(819, 64, '2022-09-27', 1),
(820, 4, '2022-09-27', 9),
(821, -20, '2022-09-27', 13),
(822, 90, '2022-09-27', 12),
(823, -18, '2022-09-27', 15),
(824, -78, '2022-09-27', 5),
(825, -88, '2022-09-27', 2),
(826, 73, '2022-09-27', 1),
(827, -75, '2022-09-27', 15),
(828, 89, '2022-09-27', 7),
(829, -78, '2022-09-27', 15),
(830, 80, '2022-09-27', 1),
(831, -89, '2022-09-27', 2),
(832, -93, '2022-09-27', 16),
(833, 62, '2022-09-27', 7),
(834, -24, '2022-09-27', 14),
(835, -25, '2022-09-27', 16),
(836, -35, '2022-09-27', 9),
(837, -76, '2022-09-27', 12),
(838, 80, '2022-09-27', 12),
(839, 9, '2022-09-27', 3),
(840, -28, '2022-09-27', 11),
(841, 41, '2022-09-27', 15),
(842, 46, '2022-09-27', 13),
(843, 63, '2022-09-27', 11),
(844, -63, '2022-09-27', 9),
(845, -53, '2022-09-27', 2),
(846, -7, '2022-09-27', 8),
(847, 40, '2022-09-28', 13),
(848, -32, '2022-09-28', 2),
(849, -17, '2022-09-28', 6),
(850, 99, '2022-09-28', 13),
(851, -83, '2022-09-28', 14),
(852, 44, '2022-09-28', 7),
(853, -76, '2022-09-28', 5),
(854, 62, '2022-09-28', 13),
(855, 96, '2022-09-28', 11),
(856, 53, '2022-09-28', 6),
(857, -28, '2022-09-28', 3),
(858, 86, '2022-09-28', 11),
(859, 11, '2022-09-28', 9),
(860, -83, '2022-09-28', 15),
(861, 17, '2022-09-28', 10),
(862, 17, '2022-09-28', 6),
(863, -40, '2022-09-28', 5),
(864, -31, '2022-09-28', 16),
(865, -27, '2022-09-28', 11),
(866, 90, '2022-09-28', 5),
(867, -86, '2022-09-28', 16),
(868, -55, '2022-09-28', 10),
(869, -32, '2022-09-28', 14),
(870, -100, '2022-09-28', 10),
(871, 62, '2022-09-28', 15),
(872, 99, '2022-09-28', 15),
(873, -24, '2022-09-28', 4),
(874, 96, '2022-09-28', 6),
(875, -67, '2022-09-28', 8),
(876, -6, '2022-09-28', 12),
(877, -85, '2022-09-28', 4),
(878, 91, '2022-09-28', 13),
(879, 27, '2022-09-28', 8),
(880, 27, '2022-09-28', 3),
(881, 4, '2022-09-28', 6),
(882, 6, '2022-09-28', 2),
(883, 65, '2022-09-28', 4),
(884, 52, '2022-09-28', 3),
(885, -86, '2022-09-28', 9),
(886, 23, '2022-09-28', 3),
(887, 45, '2022-09-28', 14),
(888, -79, '2022-09-28', 4),
(889, 65, '2022-09-28', 5),
(890, 20, '2022-09-28', 9),
(891, -42, '2022-09-28', 1),
(892, 51, '2022-09-28', 10),
(893, 61, '2022-09-28', 10),
(894, -37, '2022-09-28', 15),
(895, 36, '2022-09-28', 8),
(896, -10, '2022-09-28', 13),
(897, -74, '2022-09-28', 4),
(898, -21, '2022-09-28', 11),
(899, -93, '2022-09-28', 9),
(900, -96, '2022-09-28', 7),
(901, 21, '2022-09-28', 16),
(902, -14, '2022-09-28', 2),
(903, -67, '2022-09-28', 5),
(904, 91, '2022-09-28', 6),
(905, 61, '2022-09-28', 11),
(906, 75, '2022-09-28', 16),
(907, 78, '2022-09-28', 1),
(908, 59, '2022-09-28', 10),
(909, -76, '2022-09-28', 9),
(910, -40, '2022-09-28', 11),
(911, 33, '2022-09-28', 5),
(912, -66, '2022-09-28', 13),
(913, -24, '2022-09-28', 8),
(914, 59, '2022-09-28', 13),
(915, -30, '2022-09-28', 12),
(916, 86, '2022-09-28', 5),
(917, -6, '2022-09-28', 8),
(918, -99, '2022-09-28', 2),
(919, 71, '2022-09-28', 16),
(920, 31, '2022-09-28', 14),
(921, -26, '2022-09-28', 15),
(922, -55, '2022-09-28', 2),
(923, -82, '2022-09-28', 13),
(924, 17, '2022-09-28', 11),
(925, -6, '2022-09-28', 2),
(926, -94, '2022-09-28', 14),
(927, 32, '2022-09-28', 3),
(928, 51, '2022-09-28', 8),
(929, -44, '2022-09-28', 14),
(930, 67, '2022-09-28', 2),
(931, 4, '2022-09-28', 14),
(932, 61, '2022-09-28', 16),
(933, 47, '2022-09-28', 13),
(934, -17, '2022-09-28', 3),
(935, -23, '2022-09-28', 7),
(936, 4, '2022-09-28', 3),
(937, -75, '2022-09-28', 11),
(938, 81, '2022-09-28', 2),
(939, -72, '2022-09-28', 2),
(940, -26, '2022-09-28', 11),
(941, -20, '2022-09-28', 14),
(942, 18, '2022-09-28', 5),
(943, 36, '2022-09-28', 13),
(944, 24, '2022-09-28', 5),
(945, -97, '2022-09-28', 10),
(946, 38, '2022-09-28', 14),
(947, -97, '2022-09-28', 4),
(948, 13, '2022-09-28', 4),
(949, -47, '2022-09-28', 15),
(950, 17, '2022-09-28', 7),
(951, -66, '2022-09-28', 10),
(952, -55, '2022-09-28', 15),
(953, 58, '2022-09-28', 13),
(954, 9, '2022-09-28', 16),
(955, -31, '2022-09-28', 2),
(956, 77, '2022-09-28', 6),
(957, -19, '2022-09-28', 6),
(958, -14, '2022-09-28', 3),
(959, 76, '2022-09-28', 10),
(960, -44, '2022-09-28', 14),
(961, -2, '2022-09-28', 13),
(962, 9, '2022-09-28', 13),
(963, 14, '2022-09-28', 8),
(964, 14, '2022-09-28', 13),
(965, 65, '2022-09-28', 2),
(966, 68, '2022-09-28', 5),
(967, -66, '2022-09-28', 9),
(968, -34, '2022-09-28', 12),
(969, 84, '2022-09-28', 9),
(970, 61, '2022-09-28', 6),
(971, -55, '2022-09-28', 4),
(972, 67, '2022-09-28', 10),
(973, 31, '2022-09-28', 4),
(974, -52, '2022-09-28', 8),
(975, 62, '2022-09-28', 16),
(976, -98, '2022-09-28', 10),
(977, -51, '2022-09-28', 11),
(978, -93, '2022-09-28', 3),
(979, -58, '2022-09-28', 7),
(980, 74, '2022-09-28', 7),
(981, 18, '2022-09-28', 12),
(982, 98, '2022-09-28', 11),
(983, -34, '2022-09-28', 16),
(984, -39, '2022-09-28', 8),
(985, 4, '2022-09-28', 6),
(986, -61, '2022-09-28', 2),
(987, -45, '2022-09-28', 8),
(988, 15, '2022-09-28', 5),
(989, 49, '2022-09-28', 12),
(990, -17, '2022-09-28', 7),
(991, -76, '2022-09-28', 7),
(992, 29, '2022-09-28', 5),
(993, 97, '2022-09-28', 3),
(994, 63, '2022-09-28', 4),
(995, -86, '2022-09-28', 7),
(996, -54, '2022-09-28', 12),
(997, -53, '2022-09-28', 2),
(998, -54, '2022-09-28', 2),
(999, 17, '2022-09-28', 12),
(1000, 90, '2022-09-28', 6),
(1001, 16, '2022-09-28', 5),
(1002, 38, '2022-09-28', 4),
(1003, 29, '2022-09-28', 2),
(1004, 54, '2022-09-28', 9),
(1005, 3, '2022-09-28', 9),
(1006, 21, '2022-09-28', 1),
(1007, 25, '2022-09-28', 8),
(1008, 88, '2022-09-28', 14),
(1009, 88, '2022-09-28', 1),
(1010, -99, '2022-09-28', 5),
(1011, 95, '2022-09-28', 15),
(1012, -76, '2022-09-28', 15),
(1013, -78, '2022-09-28', 5),
(1014, -7, '2022-09-28', 12),
(1015, -38, '2022-09-28', 10),
(1016, -90, '2022-09-28', 1),
(1017, 23, '2022-09-28', 11),
(1018, -91, '2022-09-28', 8),
(1019, -45, '2022-09-28', 11),
(1020, -92, '2022-09-28', 14),
(1021, 63, '2022-09-28', 8),
(1022, 78, '2022-09-28', 10),
(1023, 91, '2022-09-28', 9),
(1024, 3, '2022-09-28', 13),
(1025, -96, '2022-09-28', 4),
(1026, 97, '2022-09-28', 1),
(1027, -47, '2022-09-28', 3),
(1028, -67, '2022-09-28', 16),
(1029, -28, '2022-09-28', 16),
(1030, -75, '2022-09-28', 14),
(1031, -81, '2022-09-28', 6),
(1032, -29, '2022-09-28', 1),
(1033, 34, '2022-09-28', 12),
(1034, -79, '2022-09-28', 6),
(1035, -60, '2022-09-28', 9),
(1036, 94, '2022-09-29', 2),
(1037, -61, '2022-09-29', 11),
(1038, 2, '2022-09-29', 7),
(1039, -58, '2022-09-30', 15),
(1040, 74, '2022-09-30', 8),
(1041, -19, '2022-09-30', 14),
(1042, -84, '2022-09-30', 10),
(1043, 33, '2022-09-30', 11),
(1044, 40, '2022-09-30', 8),
(1045, -39, '2022-09-30', 6),
(1046, -20, '2022-09-30', 14),
(1047, 86, '2022-09-30', 5),
(1048, -54, '2022-09-30', 7),
(1049, -80, '2022-09-30', 13),
(1050, 53, '2022-09-30', 1),
(1051, -94, '2022-09-30', 6),
(1052, 72, '2022-09-30', 11),
(1053, -48, '2022-09-30', 15),
(1054, -47, '2022-09-30', 16),
(1055, -13, '2022-09-30', 4),
(1056, -93, '2022-09-30', 10),
(1057, 39, '2022-09-30', 2),
(1058, 48, '2022-09-30', 7),
(1059, -12, '2022-09-30', 6),
(1060, -53, '2022-09-30', 4),
(1061, -65, '2022-09-30', 15),
(1062, 13, '2022-09-30', 15),
(1063, 44, '2022-09-30', 9),
(1064, 92, '2022-09-30', 12),
(1065, 60, '2022-09-30', 16),
(1066, 53, '2022-09-30', 7),
(1067, -64, '2022-09-30', 12),
(1068, -84, '2022-09-30', 16),
(1069, -24, '2022-09-30', 5),
(1070, -77, '2022-09-30', 13),
(1071, -10, '2022-09-30', 1),
(1072, -93, '2022-09-30', 7),
(1073, 56, '2022-09-30', 11),
(1074, -1, '2022-09-30', 5),
(1075, 63, '2022-09-30', 4),
(1076, 82, '2022-09-30', 9),
(1077, 68, '2022-09-30', 8),
(1078, -1, '2022-09-30', 4),
(1079, 76, '2022-09-30', 3),
(1080, 20, '2022-09-30', 12),
(1081, 88, '2022-09-30', 7),
(1082, -21, '2022-09-30', 1),
(1083, -65, '2022-09-30', 15),
(1084, -18, '2022-09-30', 14),
(1085, 35, '2022-09-30', 13),
(1086, -59, '2022-09-30', 3),
(1087, 1, '2022-09-30', 15),
(1088, 54, '2022-09-30', 14),
(1089, -11, '2022-09-30', 3),
(1090, -97, '2022-09-30', 4),
(1091, -30, '2022-09-30', 4),
(1092, 1, '2022-09-30', 11),
(1093, 85, '2022-09-30', 9),
(1094, -40, '2022-09-30', 14),
(1095, -46, '2022-09-30', 1),
(1096, 41, '2022-09-30', 12),
(1097, -27, '2022-09-30', 7),
(1098, -95, '2022-09-30', 15),
(1099, 42, '2022-09-30', 15),
(1100, 22, '2022-09-30', 8),
(1101, -70, '2022-09-30', 16),
(1102, 3, '2022-09-30', 15),
(1103, -87, '2022-09-30', 8),
(1104, 51, '2022-09-30', 5),
(1105, 97, '2022-09-30', 10),
(1106, 89, '2022-09-30', 7),
(1107, 24, '2022-09-30', 2),
(1108, -22, '2022-09-30', 2),
(1109, -30, '2022-09-30', 14),
(1110, 42, '2022-09-30', 9),
(1111, -21, '2022-09-30', 11),
(1112, 32, '2022-09-30', 5),
(1113, -88, '2022-09-30', 7),
(1114, -95, '2022-09-30', 8),
(1115, 97, '2022-09-30', 13),
(1116, -15, '2022-09-30', 6),
(1117, -45, '2022-09-30', 4),
(1118, 17, '2022-09-30', 3),
(1119, 42, '2022-09-30', 7),
(1120, -11, '2022-09-30', 11),
(1121, 63, '2022-09-30', 8),
(1122, -68, '2022-09-30', 2),
(1123, -24, '2022-09-30', 1),
(1124, -50, '2022-09-30', 7),
(1125, -70, '2022-09-30', 6),
(1126, 73, '2022-09-30', 15),
(1127, 34, '2022-09-30', 15),
(1128, -68, '2022-09-30', 14),
(1129, 17, '2022-09-30', 3),
(1130, -53, '2022-09-30', 11),
(1131, -16, '2022-09-30', 3),
(1132, -72, '2022-09-30', 2),
(1133, -44, '2022-09-30', 3),
(1134, -23, '2022-09-30', 7),
(1135, -5, '2022-09-30', 6),
(1136, 65, '2022-09-30', 10),
(1137, 40, '2022-09-30', 4),
(1138, 76, '2022-09-30', 5),
(1139, 87, '2022-09-30', 7),
(1140, 69, '2022-09-30', 13),
(1141, -6, '2022-09-30', 4),
(1142, -12, '2022-09-30', 6),
(1143, 97, '2022-09-30', 13),
(1144, 24, '2022-09-30', 9),
(1145, 12, '2022-09-30', 2),
(1146, 56, '2022-09-30', 11),
(1147, 37, '2022-09-30', 13),
(1148, 15, '2022-09-30', 16),
(1149, 78, '2022-09-30', 16),
(1150, 52, '2022-09-30', 9),
(1151, 58, '2022-09-30', 8),
(1152, 59, '2022-09-30', 9),
(1153, -83, '2022-09-30', 7),
(1154, 16, '2022-09-30', 6),
(1155, 61, '2022-09-30', 9),
(1156, -43, '2022-09-30', 14),
(1157, -87, '2022-09-30', 4),
(1158, 33, '2022-09-30', 3),
(1159, 24, '2022-09-30', 3),
(1160, 92, '2022-09-30', 4),
(1161, -24, '2022-09-30', 3),
(1162, -98, '2022-09-30', 1),
(1163, 30, '2022-09-30', 4),
(1164, 96, '2022-09-30', 15),
(1165, 50, '2022-09-30', 12),
(1166, -12, '2022-09-30', 1),
(1167, -54, '2022-09-30', 16),
(1168, 11, '2022-09-30', 11),
(1169, 43, '2022-09-30', 15),
(1170, -66, '2022-09-30', 4),
(1171, 44, '2022-09-30', 14),
(1172, -5, '2022-09-30', 4),
(1173, 47, '2022-09-30', 4),
(1174, 62, '2022-09-30', 5),
(1175, -47, '2022-09-30', 9),
(1176, -22, '2022-09-30', 6),
(1177, -33, '2022-09-30', 13),
(1178, 61, '2022-09-30', 2),
(1179, -99, '2022-09-30', 11),
(1180, 88, '2022-09-30', 11),
(1181, 21, '2022-09-30', 8),
(1182, 93, '2022-09-30', 1),
(1183, -66, '2022-09-30', 6),
(1184, 16, '2022-09-30', 16),
(1185, -23, '2022-09-30', 13),
(1186, 83, '2022-09-30', 8),
(1187, -54, '2022-09-30', 11),
(1188, -9, '2022-09-30', 9),
(1189, 9, '2022-09-30', 8),
(1190, 79, '2022-09-30', 14),
(1191, -6, '2022-09-30', 13),
(1192, 45, '2022-09-30', 12),
(1193, 8, '2022-09-30', 5),
(1194, 39, '2022-09-30', 12),
(1195, -54, '2022-09-30', 3),
(1196, -79, '2022-09-30', 15),
(1197, 92, '2022-09-30', 15),
(1198, 62, '2022-09-30', 13),
(1199, 54, '2022-09-30', 8),
(1200, 46, '2022-09-30', 15),
(1201, -63, '2022-09-30', 8),
(1202, 14, '2022-09-30', 9),
(1203, 67, '2022-09-30', 15),
(1204, 73, '2022-09-30', 6),
(1205, 82, '2022-09-30', 16),
(1206, 77, '2022-09-30', 10),
(1207, 40, '2022-09-30', 8),
(1208, -89, '2022-09-30', 8),
(1209, 42, '2022-09-30', 1),
(1210, -57, '2022-09-30', 3),
(1211, -26, '2022-09-30', 9),
(1212, 25, '2022-09-30', 2),
(1213, 74, '2022-09-30', 6),
(1214, 89, '2022-09-30', 12),
(1215, -54, '2022-09-30', 13),
(1216, -41, '2022-09-30', 10),
(1217, -12, '2022-09-30', 13),
(1218, 77, '2022-09-30', 2),
(1219, 71, '2022-09-30', 3),
(1220, -84, '2022-09-30', 9),
(1221, -88, '2022-09-30', 14),
(1222, -63, '2022-09-30', 15),
(1223, -38, '2022-09-30', 16),
(1224, -49, '2022-09-30', 5),
(1225, -59, '2022-09-30', 12),
(1226, -49, '2022-09-30', 6),
(1227, -36, '2022-09-30', 11),
(1228, 36, '2022-09-30', 3),
(1229, 85, '2022-09-30', 1),
(1230, 18, '2022-09-30', 11),
(1231, 35, '2022-09-30', 7),
(1232, 77, '2022-09-30', 2),
(1233, 93, '2022-09-30', 13),
(1234, 98, '2022-09-30', 3),
(1235, -36, '2022-09-30', 15),
(1236, 91, '2022-09-30', 11),
(1237, -62, '2022-09-30', 1),
(1238, 32, '2022-09-30', 16),
(1239, -89, '2022-09-30', 14),
(1240, -38, '2022-09-30', 6),
(1241, 63, '2022-09-30', 2),
(1242, -26, '2022-09-30', 4),
(1243, -14, '2022-09-30', 15),
(1244, -5, '2022-09-30', 6),
(1245, 60, '2022-09-30', 10),
(1246, -44, '2022-09-30', 1),
(1247, 94, '2022-09-30', 6),
(1248, 62, '2022-09-30', 6),
(1249, 16, '2022-09-30', 11),
(1250, -90, '2022-09-30', 11),
(1251, 96, '2022-09-30', 11),
(1252, 4, '2022-09-30', 13),
(1253, -15, '2022-09-30', 11),
(1254, -91, '2022-09-30', 2),
(1255, 63, '2022-09-30', 15),
(1256, -30, '2022-09-30', 16),
(1257, -98, '2022-09-30', 7),
(1258, 31, '2022-09-30', 14),
(1259, -98, '2022-09-30', 10),
(1260, -99, '2022-09-30', 11),
(1261, 27, '2022-09-30', 4),
(1262, 10, '2022-09-30', 16),
(1263, -73, '2022-09-30', 9),
(1264, 82, '2022-09-30', 6),
(1265, -76, '2022-09-30', 9),
(1266, 51, '2022-09-30', 1),
(1267, -72, '2022-09-30', 1),
(1268, -54, '2022-09-30', 8),
(1269, -73, '2022-09-30', 8),
(1270, -99, '2022-09-30', 16),
(1271, -4, '2022-09-30', 15),
(1272, -89, '2022-09-30', 1),
(1273, 28, '2022-09-30', 2),
(1274, -63, '2022-09-30', 13),
(1275, 13, '2022-09-30', 7),
(1276, 76, '2022-09-30', 14),
(1277, -87, '2022-09-30', 13),
(1278, -35, '2022-09-30', 13),
(1279, 70, '2022-09-30', 1),
(1280, 38, '2022-09-30', 15),
(1281, -66, '2022-09-30', 12),
(1282, -78, '2022-09-30', 9),
(1283, -37, '2022-09-30', 5),
(1284, 54, '2022-09-30', 4),
(1285, 99, '2022-09-30', 15),
(1286, -40, '2022-09-30', 12),
(1287, -17, '2022-09-30', 8),
(1288, -89, '2022-09-30', 11),
(1289, 55, '2022-09-30', 5),
(1290, 67, '2022-09-30', 14),
(1291, -31, '2022-09-30', 2),
(1292, 32, '2022-09-30', 16),
(1293, -64, '2022-09-30', 10),
(1294, 89, '2022-09-30', 14),
(1295, 41, '2022-09-30', 2),
(1296, 55, '2022-09-30', 2),
(1297, 51, '2022-09-30', 11),
(1298, 56, '2022-09-30', 3),
(1299, -52, '2022-09-30', 6),
(1300, 51, '2022-09-30', 6),
(1301, -93, '2022-09-30', 14),
(1302, -15, '2022-09-30', 15),
(1303, -51, '2022-09-30', 6),
(1304, -40, '2022-09-30', 5),
(1305, -62, '2022-09-30', 11),
(1306, 38, '2022-09-30', 12),
(1307, -47, '2022-09-30', 14),
(1308, -42, '2022-09-30', 14),
(1309, 44, '2022-09-30', 16),
(1310, 15, '2022-09-30', 10),
(1311, 44, '2022-09-30', 6),
(1312, -45, '2022-09-30', 7),
(1313, 50, '2022-09-30', 9),
(1314, 49, '2022-09-30', 10),
(1315, 45, '2022-09-30', 1),
(1316, 53, '2022-09-30', 1),
(1317, 27, '2022-09-30', 8),
(1318, -19, '2022-09-30', 7),
(1319, 8, '2022-09-30', 4),
(1320, -60, '2022-09-30', 8),
(1321, -83, '2022-09-30', 3),
(1322, 27, '2022-09-30', 6),
(1323, -57, '2022-09-30', 9),
(1324, -2, '2022-09-30', 15),
(1325, -28, '2022-09-30', 13),
(1326, 2, '2022-09-30', 10),
(1327, -75, '2022-09-30', 16),
(1328, -30, '2022-09-30', 11),
(1329, -80, '2022-09-30', 13),
(1330, 14, '2022-09-30', 1),
(1331, 96, '2022-09-30', 13),
(1332, -73, '2022-09-30', 12),
(1333, 1, '2022-09-30', 11),
(1334, 48, '2022-09-30', 14),
(1335, -94, '2022-09-30', 12),
(1336, -50, '2022-09-30', 9),
(1337, 46, '2022-09-30', 16),
(1338, 98, '2022-09-30', 13),
(1339, -7, '2022-09-30', 6),
(1340, -57, '2022-09-30', 13),
(1341, 4, '2022-09-30', 14),
(1342, 21, '2022-09-30', 6),
(1343, -35, '2022-09-30', 11),
(1344, -92, '2022-09-30', 3),
(1345, 29, '2022-09-30', 14),
(1346, 9, '2022-09-30', 6),
(1347, 47, '2022-09-30', 4),
(1348, -66, '2022-09-30', 10),
(1349, -34, '2022-09-30', 11),
(1350, 30, '2022-09-30', 14),
(1351, 37, '2022-09-30', 14),
(1352, -6, '2022-09-30', 12),
(1353, -72, '2022-09-30', 9),
(1354, 9, '2022-09-30', 10),
(1355, 98, '2022-09-30', 5),
(1356, -91, '2022-09-30', 11),
(1357, -34, '2022-09-30', 15),
(1358, -50, '2022-09-30', 4),
(1359, 5, '2022-09-30', 16),
(1360, 28, '2022-09-30', 15),
(1361, -38, '2022-09-30', 14),
(1362, 6, '2022-09-30', 1),
(1363, -29, '2022-09-30', 16),
(1364, 92, '2022-09-30', 14),
(1365, 88, '2022-09-30', 5),
(1366, 6, '2022-09-30', 6),
(1367, -21, '2022-09-30', 9),
(1368, 79, '2022-09-30', 5),
(1369, 30, '2022-09-30', 12),
(1370, 47, '2022-09-30', 15),
(1371, -82, '2022-09-30', 9),
(1372, 50, '2022-09-30', 13),
(1373, -19, '2022-09-30', 10),
(1374, -39, '2022-09-30', 14),
(1375, -31, '2022-09-30', 4),
(1376, -42, '2022-09-30', 14),
(1377, 4, '2022-09-30', 3),
(1378, -17, '2022-09-30', 1),
(1379, 17, '2022-09-30', 1),
(1380, 65, '2022-09-30', 11),
(1381, 92, '2022-09-30', 11),
(1382, -30, '2022-09-30', 16),
(1383, 37, '2022-09-30', 16),
(1384, -51, '2022-09-30', 2),
(1385, -34, '2022-09-30', 10),
(1386, -12, '2022-09-30', 8),
(1387, 42, '2022-09-30', 2),
(1388, 14, '2022-09-30', 11),
(1389, -20, '2022-09-30', 2),
(1390, 58, '2022-09-30', 12),
(1391, 28, '2022-09-30', 13),
(1392, 30, '2022-09-30', 6),
(1393, 29, '2022-09-30', 4),
(1394, -73, '2022-09-30', 5),
(1395, -95, '2022-09-30', 7),
(1396, 48, '2022-09-30', 16),
(1397, -69, '2022-09-30', 14),
(1398, 40, '2022-09-30', 4),
(1399, 94, '2022-09-30', 6),
(1400, -97, '2022-09-30', 12),
(1401, 41, '2022-09-30', 10),
(1402, -43, '2022-09-30', 2),
(1403, -60, '2022-09-30', 5),
(1404, 74, '2022-09-30', 9),
(1405, -1, '2022-09-30', 16),
(1406, 72, '2022-09-30', 13),
(1407, -84, '2022-09-30', 13),
(1408, -86, '2022-09-30', 4),
(1409, 47, '2022-09-30', 14),
(1410, -49, '2022-09-30', 1),
(1411, -46, '2022-09-30', 4),
(1412, 6, '2022-09-30', 13),
(1413, -76, '2022-09-30', 15),
(1414, 37, '2022-09-30', 16),
(1415, 84, '2022-09-30', 7),
(1416, -21, '2022-09-30', 4),
(1417, -93, '2022-09-30', 12),
(1418, -92, '2022-09-30', 11),
(1419, 46, '2022-09-30', 11),
(1420, -8, '2022-09-30', 2),
(1421, -27, '2022-09-30', 3),
(1422, -5, '2022-09-30', 16),
(1423, -1, '2022-09-30', 14),
(1424, 9, '2022-09-30', 8),
(1425, -18, '2022-09-30', 1),
(1426, -29, '2022-09-30', 6),
(1427, 2, '2022-09-30', 9),
(1428, 32, '2022-09-30', 12),
(1429, -36, '2022-09-30', 7),
(1430, 32, '2022-09-30', 8),
(1431, 48, '2022-09-30', 16),
(1432, -88, '2022-09-30', 3),
(1433, -83, '2022-09-30', 8),
(1434, 33, '2022-09-30', 1),
(1435, -18, '2022-09-30', 3),
(1436, -82, '2022-09-30', 16),
(1437, 50, '2022-09-30', 6),
(1438, -46, '2022-09-30', 1),
(1439, -25, '2022-09-30', 2),
(1440, 12, '2022-09-30', 2),
(1441, 15, '2022-09-30', 16),
(1442, 80, '2022-09-30', 6),
(1443, -8, '2022-09-30', 2),
(1444, -87, '2022-09-30', 7),
(1445, -60, '2022-09-30', 16),
(1446, 3, '2022-09-30', 6),
(1447, 40, '2022-09-30', 11),
(1448, -58, '2022-09-30', 10),
(1449, 88, '2022-09-30', 9),
(1450, -58, '2022-09-30', 12),
(1451, -98, '2022-09-30', 10),
(1452, 73, '2022-09-30', 13),
(1453, -93, '2022-09-30', 2),
(1454, 50, '2022-09-30', 15),
(1455, -6, '2022-09-30', 15),
(1456, -18, '2022-09-30', 13),
(1457, 52, '2022-09-30', 13),
(1458, -77, '2022-09-30', 7),
(1459, 95, '2022-09-30', 7),
(1460, -18, '2022-09-30', 5),
(1461, 9, '2022-09-30', 5),
(1462, -12, '2022-09-30', 12),
(1463, -33, '2022-09-30', 6),
(1464, 38, '2022-09-30', 6),
(1465, 11, '2022-09-30', 8),
(1466, -31, '2022-09-30', 1),
(1467, -16, '2022-09-30', 3),
(1468, -46, '2022-09-30', 13),
(1469, -13, '2022-09-30', 2),
(1470, -33, '2022-09-30', 6),
(1471, 21, '2022-09-30', 9),
(1472, -23, '2022-09-30', 2),
(1473, 62, '2022-09-30', 6),
(1474, -33, '2022-09-30', 7),
(1475, -3, '2022-09-30', 15),
(1476, 45, '2022-09-30', 14),
(1477, 9, '2022-09-30', 13),
(1478, -3, '2022-09-30', 3),
(1479, 44, '2022-09-30', 3),
(1480, -80, '2022-09-30', 15),
(1481, 72, '2022-09-30', 7),
(1482, 8, '2022-09-30', 13),
(1483, 62, '2022-09-30', 4),
(1484, 32, '2022-09-30', 1),
(1485, -25, '2022-09-30', 8),
(1486, 13, '2022-09-30', 5),
(1487, -45, '2022-09-30', 5),
(1488, -78, '2022-09-30', 8),
(1489, 46, '2022-09-30', 8),
(1490, -85, '2022-09-30', 10),
(1491, -15, '2022-09-30', 7),
(1492, -85, '2022-09-30', 2),
(1493, 31, '2022-09-30', 3),
(1494, 79, '2022-09-30', 13),
(1495, 51, '2022-09-30', 6),
(1496, 97, '2022-09-30', 6),
(1497, -32, '2022-09-30', 7),
(1498, -50, '2022-09-30', 10),
(1499, -83, '2022-09-30', 15),
(1500, -70, '2022-09-30', 11),
(1501, -68, '2022-09-30', 1),
(1502, 24, '2022-09-30', 8),
(1503, 52, '2022-09-30', 15),
(1504, -49, '2022-09-30', 12),
(1505, 82, '2022-09-30', 16),
(1506, -90, '2022-09-30', 8),
(1507, -80, '2022-09-30', 12),
(1508, -95, '2022-09-30', 16),
(1509, -94, '2022-09-30', 16),
(1510, 28, '2022-09-30', 11),
(1511, -25, '2022-09-30', 1),
(1512, 63, '2022-09-30', 4),
(1513, -87, '2022-09-30', 12),
(1514, -9, '2022-09-30', 13),
(1515, -79, '2022-09-30', 11),
(1516, -14, '2022-09-30', 12),
(1517, -57, '2022-09-30', 13),
(1518, 35, '2022-09-30', 12),
(1519, -66, '2022-09-30', 1),
(1520, -75, '2022-09-30', 6),
(1521, 87, '2022-09-30', 16),
(1522, 46, '2022-09-30', 13),
(1523, -26, '2022-09-30', 15),
(1524, 99, '2022-09-30', 8),
(1525, -21, '2022-09-30', 16),
(1526, -34, '2022-09-30', 10),
(1527, 47, '2022-09-30', 1),
(1528, -85, '2022-09-30', 2),
(1529, 31, '2022-09-30', 3),
(1530, -29, '2022-09-30', 6),
(1531, -92, '2022-09-30', 7),
(1532, 80, '2022-09-30', 11),
(1533, -83, '2022-09-30', 7),
(1534, -88, '2022-09-30', 10),
(1535, 20, '2022-09-30', 5),
(1536, 70, '2022-09-30', 6),
(1537, -6, '2022-09-30', 4),
(1538, 73, '2022-09-30', 4),
(1539, 44, '2022-09-30', 13),
(1540, 11, '2022-09-30', 5),
(1541, -69, '2022-09-30', 1),
(1542, -79, '2022-09-30', 6),
(1543, 65, '2022-09-30', 7),
(1544, 33, '2022-09-30', 9),
(1545, -84, '2022-09-30', 16),
(1546, 38, '2022-09-30', 13),
(1547, -9, '2022-09-30', 9),
(1548, -75, '2022-09-30', 6),
(1549, 56, '2022-09-30', 5),
(1550, 7, '2022-09-30', 11),
(1551, -46, '2022-09-30', 10),
(1552, -74, '2022-09-30', 6),
(1553, -10, '2022-09-30', 3),
(1554, 90, '2022-09-30', 9),
(1555, -13, '2022-09-30', 7),
(1556, 67, '2022-09-30', 7),
(1557, -76, '2022-09-30', 16),
(1558, -11, '2022-09-30', 14),
(1559, 5, '2022-09-30', 3),
(1560, -86, '2022-09-30', 5),
(1561, -15, '2022-09-30', 9),
(1562, 56, '2022-09-30', 7),
(1563, -1, '2022-09-30', 9),
(1564, -53, '2022-09-30', 16),
(1565, -42, '2022-09-30', 16),
(1566, -84, '2022-09-30', 12),
(1567, 73, '2022-09-30', 3),
(1568, -71, '2022-09-30', 13),
(1569, -65, '2022-09-30', 13),
(1570, 41, '2022-09-30', 7),
(1571, -95, '2022-09-30', 10),
(1572, 63, '2022-09-30', 4),
(1573, 42, '2022-09-30', 6),
(1574, -86, '2022-09-30', 15),
(1575, 24, '2022-09-30', 8),
(1576, 9, '2022-09-30', 5),
(1577, -79, '2022-09-30', 4),
(1578, -47, '2022-09-30', 12),
(1579, 72, '2022-09-30', 9),
(1580, 66, '2022-09-30', 11),
(1581, 87, '2022-09-30', 15),
(1582, 61, '2022-09-30', 11),
(1583, -92, '2022-09-30', 11),
(1584, -89, '2022-09-30', 7),
(1585, -54, '2022-09-30', 11),
(1586, -19, '2022-09-30', 16),
(1587, 39, '2022-09-30', 4),
(1588, -96, '2022-09-30', 10),
(1589, -29, '2022-09-30', 7),
(1590, -64, '2022-09-30', 4),
(1591, -23, '2022-09-30', 13),
(1592, -82, '2022-09-30', 8),
(1593, 10, '2022-09-30', 6),
(1594, -63, '2022-09-30', 5),
(1595, 24, '2022-09-30', 7),
(1596, -39, '2022-09-30', 12),
(1597, 3, '2022-09-30', 12),
(1598, 32, '2022-09-30', 10),
(1599, 28, '2022-09-30', 1),
(1600, 40, '2022-09-30', 10),
(1601, 43, '2022-09-30', 5),
(1602, -45, '2022-09-30', 5),
(1603, 72, '2022-09-30', 3),
(1604, -56, '2022-09-30', 11),
(1605, -93, '2022-09-30', 16),
(1606, -41, '2022-09-30', 5),
(1607, -36, '2022-09-30', 2),
(1608, 56, '2022-09-30', 12),
(1609, 52, '2022-09-30', 5),
(1610, -78, '2022-09-30', 16),
(1611, -97, '2022-09-30', 1),
(1612, 19, '2022-09-30', 1),
(1613, 45, '2022-09-30', 7),
(1614, -35, '2022-09-30', 3),
(1615, -97, '2022-09-30', 4),
(1616, -56, '2022-09-30', 16),
(1617, 8, '2022-09-30', 16),
(1618, -98, '2022-09-30', 1),
(1619, -66, '2022-09-30', 13),
(1620, 81, '2022-09-30', 10),
(1621, 8, '2022-09-30', 1),
(1622, 50, '2022-09-30', 15),
(1623, 10, '2022-09-30', 12),
(1624, -97, '2022-09-30', 12),
(1625, -77, '2022-09-30', 2),
(1626, 8, '2022-09-30', 8),
(1627, 37, '2022-09-30', 1),
(1628, -98, '2022-09-30', 9),
(1629, -22, '2022-09-30', 11),
(1630, -98, '2022-09-30', 10),
(1631, -22, '2022-09-30', 8),
(1632, -18, '2022-09-30', 14),
(1633, 59, '2022-09-30', 11),
(1634, 91, '2022-09-30', 15),
(1635, -21, '2022-09-30', 13),
(1636, -39, '2022-09-30', 12),
(1637, -19, '2022-09-30', 11),
(1638, 27, '2022-09-30', 15),
(1639, 74, '2022-09-30', 15),
(1640, 92, '2022-09-30', 3),
(1641, -68, '2022-09-30', 4),
(1642, -72, '2022-09-30', 13),
(1643, -67, '2022-09-30', 10),
(1644, 42, '2022-09-30', 3),
(1645, -81, '2022-09-30', 13),
(1646, 22, '2022-09-30', 10),
(1647, -45, '2022-09-30', 8),
(1648, -33, '2022-09-30', 12),
(1649, -53, '2022-09-30', 4),
(1650, -35, '2022-09-30', 1),
(1651, -95, '2022-09-30', 1),
(1652, 55, '2022-09-30', 8),
(1653, 42, '2022-09-30', 14),
(1654, -85, '2022-09-30', 6),
(1655, 97, '2022-09-30', 14),
(1656, -79, '2022-09-30', 11),
(1657, 18, '2022-09-30', 5),
(1658, -48, '2022-09-30', 12),
(1659, 58, '2022-09-30', 12),
(1660, -27, '2022-09-30', 7),
(1661, 12, '2022-09-30', 2),
(1662, -63, '2022-09-30', 2),
(1663, 83, '2022-09-30', 9),
(1664, 39, '2022-09-30', 4),
(1665, 72, '2022-09-30', 13),
(1666, -9, '2022-09-30', 7),
(1667, -38, '2022-09-30', 15),
(1668, 34, '2022-09-30', 6),
(1669, -14, '2022-09-30', 12),
(1670, -5, '2022-09-30', 2),
(1671, -12, '2022-09-30', 13),
(1672, 68, '2022-09-30', 4),
(1673, 31, '2022-09-30', 5),
(1674, 76, '2022-09-30', 4),
(1675, -92, '2022-09-30', 9),
(1676, -72, '2022-09-30', 7),
(1677, -29, '2022-09-30', 15),
(1678, -33, '2022-09-30', 7),
(1679, -14, '2022-09-30', 5),
(1680, -43, '2022-09-30', 7),
(1681, 17, '2022-09-30', 15),
(1682, -82, '2022-09-30', 2),
(1683, -19, '2022-09-30', 11),
(1684, 67, '2022-09-30', 6),
(1685, 43, '2022-09-30', 14),
(1686, -39, '2022-09-30', 16),
(1687, 85, '2022-09-30', 4),
(1688, -6, '2022-09-30', 4),
(1689, -3, '2022-09-30', 10),
(1690, 11, '2022-09-30', 3),
(1691, 70, '2022-09-30', 5),
(1692, 95, '2022-09-30', 12),
(1693, -30, '2022-09-30', 10),
(1694, 82, '2022-09-30', 13),
(1695, 66, '2022-09-30', 13),
(1696, -73, '2022-09-30', 13),
(1697, -73, '2022-09-30', 13),
(1698, -17, '2022-09-30', 5),
(1699, 44, '2022-09-30', 6),
(1700, -45, '2022-09-30', 14),
(1701, -68, '2022-09-30', 6),
(1702, 79, '2022-09-30', 15),
(1703, -46, '2022-09-30', 8),
(1704, 13, '2022-09-30', 10),
(1705, 63, '2022-09-30', 14),
(1706, -26, '2022-09-30', 8),
(1707, -43, '2022-09-30', 5),
(1708, -8, '2022-09-30', 14),
(1709, -48, '2022-09-30', 3),
(1710, 95, '2022-09-30', 15),
(1711, 56, '2022-09-30', 4),
(1712, -78, '2022-09-30', 4),
(1713, 35, '2022-09-30', 3),
(1714, 57, '2022-09-30', 8),
(1715, -63, '2022-09-30', 9),
(1716, -42, '2022-09-30', 11),
(1717, 52, '2022-09-30', 3),
(1718, 97, '2022-09-30', 3),
(1719, -2, '2022-09-30', 13),
(1720, 30, '2022-09-30', 8),
(1721, 74, '2022-09-30', 14),
(1722, -93, '2022-09-30', 8),
(1723, 17, '2022-09-30', 5),
(1724, 16, '2022-09-30', 11),
(1725, -83, '2022-09-30', 8),
(1726, -10, '2022-09-30', 10),
(1727, 12, '2022-09-30', 6),
(1728, 43, '2022-09-30', 10),
(1729, 44, '2022-09-30', 15),
(1730, -41, '2022-09-30', 7),
(1731, -64, '2022-09-30', 14),
(1732, 64, '2022-09-30', 9),
(1733, 18, '2022-09-30', 3),
(1734, -96, '2022-09-30', 11),
(1735, -81, '2022-09-30', 6),
(1736, 97, '2022-09-30', 7),
(1737, 81, '2022-09-30', 3),
(1738, 30, '2022-09-30', 3),
(1739, 86, '2022-09-30', 16),
(1740, -80, '2022-09-30', 10),
(1741, -50, '2022-09-30', 5),
(1742, -54, '2022-09-30', 15),
(1743, 95, '2022-09-30', 9),
(1744, -52, '2022-09-30', 16),
(1745, 28, '2022-09-30', 4),
(1746, -46, '2022-09-30', 6),
(1747, -64, '2022-09-30', 5),
(1748, -15, '2022-09-30', 13),
(1749, 84, '2022-09-30', 8),
(1750, -82, '2022-09-30', 14),
(1751, 79, '2022-09-30', 7),
(1752, 77, '2022-09-30', 3),
(1753, -71, '2022-09-30', 8),
(1754, 1, '2022-09-30', 14),
(1755, -47, '2022-09-30', 12),
(1756, 74, '2022-09-30', 14),
(1757, -27, '2022-09-30', 5),
(1758, 95, '2022-09-30', 10),
(1759, 36, '2022-09-30', 5),
(1760, 93, '2022-09-30', 14),
(1761, 39, '2022-09-30', 13),
(1762, 3, '2022-09-30', 9),
(1763, 56, '2022-09-30', 1),
(1764, 15, '2022-09-30', 4),
(1765, -77, '2022-09-30', 16),
(1766, -15, '2022-09-30', 7),
(1767, -100, '2022-09-30', 5),
(1768, 91, '2022-09-30', 13),
(1769, -8, '2022-09-30', 2),
(1770, -65, '2022-09-30', 14),
(1771, 72, '2022-09-30', 3),
(1772, 75, '2022-09-30', 1),
(1773, 13, '2022-09-30', 4),
(1774, 69, '2022-09-30', 6),
(1775, 3, '2022-09-30', 16),
(1776, -47, '2022-09-30', 7),
(1777, 93, '2022-09-30', 2),
(1778, 34, '2022-09-30', 13),
(1779, -4, '2022-09-30', 11),
(1780, 14, '2022-09-30', 6),
(1781, 13, '2022-09-30', 16),
(1782, 87, '2022-09-30', 11),
(1783, 90, '2022-09-30', 15),
(1784, 58, '2022-09-30', 16),
(1785, -42, '2022-09-30', 1),
(1786, -98, '2022-09-30', 3),
(1787, 81, '2022-09-30', 15),
(1788, 46, '2022-09-30', 14),
(1789, 49, '2022-09-30', 5),
(1790, -23, '2022-09-30', 16),
(1791, -81, '2022-09-30', 13),
(1792, 70, '2022-09-30', 7),
(1793, 55, '2022-09-30', 2),
(1794, -93, '2022-09-30', 13),
(1795, 69, '2022-09-30', 14),
(1796, 64, '2022-09-30', 14),
(1797, -94, '2022-09-30', 11),
(1798, 64, '2022-09-30', 5),
(1799, 23, '2022-09-30', 14),
(1800, 79, '2022-09-30', 2),
(1801, 55, '2022-09-30', 7),
(1802, -61, '2022-09-30', 4),
(1803, 36, '2022-09-30', 4),
(1804, -20, '2022-09-30', 13),
(1805, 63, '2022-09-30', 13),
(1806, 11, '2022-09-30', 3),
(1807, -85, '2022-09-30', 6),
(1808, 15, '2022-09-30', 10),
(1809, -45, '2022-09-30', 4),
(1810, 89, '2022-09-30', 16),
(1811, -96, '2022-09-30', 5),
(1812, -70, '2022-09-30', 9),
(1813, -46, '2022-09-30', 4),
(1814, -84, '2022-09-30', 12),
(1815, 47, '2022-09-30', 16),
(1816, 15, '2022-09-30', 15),
(1817, 39, '2022-09-30', 8),
(1818, 92, '2022-09-30', 6),
(1819, -33, '2022-09-30', 12),
(1820, -79, '2022-09-30', 13),
(1821, 87, '2022-09-30', 14),
(1822, 18, '2022-09-30', 15),
(1823, 25, '2022-09-30', 15),
(1824, -34, '2022-09-30', 3),
(1825, -19, '2022-09-30', 5),
(1826, 68, '2022-09-30', 12),
(1827, 66, '2022-09-30', 9),
(1828, 55, '2022-09-30', 8),
(1829, 22, '2022-09-30', 2),
(1830, 82, '2022-09-30', 14),
(1831, -89, '2022-09-30', 3);
INSERT INTO `mesures` (`id_mesure`, `val_mesure`, `date_mesure`, `id_module`) VALUES
(1832, -17, '2022-09-30', 12),
(1833, -30, '2022-09-30', 9),
(1834, -10, '2022-09-30', 15),
(1835, 13, '2022-09-30', 9),
(1836, -14, '2022-09-30', 16),
(1837, -62, '2022-09-30', 1),
(1838, -98, '2022-09-30', 2),
(1839, -7, '2022-09-30', 12),
(1840, 28, '2022-09-30', 5),
(1841, 6, '2022-09-30', 11),
(1842, 66, '2022-09-30', 6),
(1843, 14, '2022-09-30', 1),
(1844, -15, '2022-09-30', 12),
(1845, 46, '2022-09-30', 10),
(1846, 41, '2022-09-30', 13),
(1847, 55, '2022-09-30', 3),
(1848, -66, '2022-09-30', 12),
(1849, 29, '2022-09-30', 14),
(1850, 79, '2022-09-30', 3),
(1851, -9, '2022-09-30', 15),
(1852, -45, '2022-09-30', 5),
(1853, -36, '2022-09-30', 9),
(1854, 77, '2022-09-30', 14),
(1855, 39, '2022-09-30', 3),
(1856, -56, '2022-09-30', 1),
(1857, -94, '2022-09-30', 13),
(1858, 20, '2022-09-30', 12),
(1859, 99, '2022-09-30', 3),
(1860, -71, '2022-09-30', 11),
(1861, -16, '2022-09-30', 5),
(1862, -83, '2022-09-30', 2),
(1863, -48, '2022-09-30', 4),
(1864, -40, '2022-09-30', 4),
(1865, 92, '2022-09-30', 14),
(1866, 31, '2022-09-30', 16),
(1867, 53, '2022-09-30', 12),
(1868, -59, '2022-09-30', 9),
(1869, 20, '2022-09-30', 10),
(1870, -7, '2022-09-30', 16),
(1871, -6, '2022-09-30', 6),
(1872, -14, '2022-09-30', 11),
(1873, 99, '2022-09-30', 10),
(1874, -79, '2022-09-30', 1),
(1875, 16, '2022-09-30', 13),
(1876, 55, '2022-09-30', 2),
(1877, -49, '2022-09-30', 14),
(1878, 20, '2022-09-30', 1),
(1879, -74, '2022-09-30', 2),
(1880, 35, '2022-09-30', 16),
(1881, 97, '2022-09-30', 10),
(1882, 80, '2022-09-30', 14),
(1883, 46, '2022-09-30', 12),
(1884, -89, '2022-09-30', 4),
(1885, -21, '2022-09-30', 12),
(1886, 16, '2022-09-30', 4),
(1887, -64, '2022-09-30', 14),
(1888, 67, '2022-09-30', 16),
(1889, 23, '2022-09-30', 7),
(1890, 99, '2022-09-30', 7),
(1891, -6, '2022-09-30', 4),
(1892, 3, '2022-09-30', 11),
(1893, -78, '2022-09-30', 6),
(1894, -97, '2022-09-30', 15),
(1895, -14, '2022-09-30', 6),
(1896, 47, '2022-09-30', 9),
(1897, 65, '2022-09-30', 5),
(1898, -79, '2022-09-30', 13),
(1899, 21, '2022-09-30', 7),
(1900, 48, '2022-09-30', 6),
(1901, 82, '2022-09-30', 13),
(1902, -9, '2022-09-30', 13),
(1903, -54, '2022-09-30', 1),
(1904, -65, '2022-09-30', 11),
(1905, 18, '2022-09-30', 2),
(1906, 90, '2022-09-30', 2),
(1907, -34, '2022-09-30', 5),
(1908, 21, '2022-09-30', 15),
(1909, 41, '2022-09-30', 1),
(1910, 9, '2022-09-30', 15),
(1911, -32, '2022-09-30', 8),
(1912, -33, '2022-09-30', 2),
(1913, -9, '2022-09-30', 1),
(1914, -90, '2022-09-30', 7),
(1915, 23, '2022-09-30', 9),
(1916, -14, '2022-09-30', 10),
(1917, -83, '2022-09-30', 8),
(1918, 40, '2022-09-30', 12),
(1919, 38, '2022-09-30', 2),
(1920, 84, '2022-09-30', 1),
(1921, -32, '2022-09-30', 15),
(1922, 18, '2022-09-30', 3),
(1923, 32, '2022-09-30', 13),
(1924, -85, '2022-09-30', 8),
(1925, 64, '2022-09-30', 4),
(1926, 84, '2022-09-30', 13),
(1927, 38, '2022-09-30', 5),
(1928, -47, '2022-09-30', 12),
(1929, 55, '2022-09-30', 14),
(1930, -36, '2022-09-30', 9),
(1931, 59, '2022-09-30', 5),
(1932, 35, '2022-09-30', 12),
(1933, -56, '2022-09-30', 6),
(1934, -20, '2022-09-30', 2),
(1935, 37, '2022-09-30', 8),
(1936, -36, '2022-09-30', 16),
(1937, -37, '2022-09-30', 10),
(1938, -21, '2022-09-30', 1),
(1939, 2, '2022-09-30', 10),
(1940, -13, '2022-09-30', 15),
(1941, 23, '2022-09-30', 13),
(1942, -18, '2022-09-30', 16),
(1943, 61, '2022-09-30', 9),
(1944, 31, '2022-09-30', 6),
(1945, -89, '2022-09-30', 5),
(1946, -64, '2022-09-30', 8),
(1947, -15, '2022-09-30', 5),
(1948, -68, '2022-09-30', 13),
(1949, 60, '2022-09-30', 9),
(1950, 96, '2022-09-30', 4),
(1951, 99, '2022-09-30', 2),
(1952, 98, '2022-09-30', 3),
(1953, 27, '2022-09-30', 7),
(1954, -30, '2022-09-30', 2),
(1955, -25, '2022-09-30', 9),
(1956, 12, '2022-09-30', 2),
(1957, -74, '2022-09-30', 2),
(1958, 42, '2022-09-30', 8),
(1959, -41, '2022-09-30', 3),
(1960, -65, '2022-09-30', 1),
(1961, 23, '2022-09-30', 6),
(1962, -48, '2022-09-30', 5),
(1963, -77, '2022-09-30', 16),
(1964, 18, '2022-09-30', 6),
(1965, 2, '2022-09-30', 8),
(1966, 14, '2022-09-30', 12),
(1967, 87, '2022-09-30', 1),
(1968, 88, '2022-09-30', 15),
(1969, 68, '2022-09-30', 7),
(1970, -18, '2022-09-30', 13),
(1971, 9, '2022-09-30', 4),
(1972, 56, '2022-09-30', 11),
(1973, -80, '2022-09-30', 11),
(1974, 6, '2022-09-30', 15),
(1975, -96, '2022-09-30', 8),
(1976, -75, '2022-09-30', 11),
(1977, -41, '2022-09-30', 15),
(1978, 42, '2022-09-30', 2),
(1979, 27, '2022-09-30', 15),
(1980, 29, '2022-09-30', 16),
(1981, -33, '2022-09-30', 5),
(1982, -98, '2022-09-30', 11),
(1983, -38, '2022-09-30', 14),
(1984, 9, '2022-09-30', 1),
(1985, -63, '2022-09-30', 15),
(1986, 68, '2022-09-30', 13),
(1987, 45, '2022-09-30', 14),
(1988, 89, '2022-09-30', 14),
(1989, 38, '2022-09-30', 1),
(1990, 66, '2022-09-30', 9),
(1991, 8, '2022-09-30', 7),
(1992, -78, '2022-09-30', 12),
(1993, -4, '2022-09-30', 8),
(1994, 82, '2022-09-30', 5),
(1995, 4, '2022-09-30', 9),
(1996, 52, '2022-09-30', 2),
(1997, 86, '2022-09-30', 10),
(1998, 18, '2022-09-30', 6),
(1999, 80, '2022-09-30', 10),
(2000, 23, '2022-09-30', 8),
(2001, -37, '2022-09-30', 10),
(2002, -99, '2022-09-30', 9),
(2003, 50, '2022-09-30', 2),
(2004, -74, '2022-09-30', 10),
(2005, 89, '2022-09-30', 5),
(2006, 14, '2022-09-30', 10),
(2007, -47, '2022-09-30', 12),
(2008, 77, '2022-09-30', 7),
(2009, -37, '2022-09-30', 16),
(2010, -65, '2022-09-30', 8),
(2011, -93, '2022-09-30', 5),
(2012, 12, '2022-09-30', 4),
(2013, 35, '2022-09-30', 8),
(2014, -70, '2022-09-30', 9),
(2015, -25, '2022-09-30', 10),
(2016, 4, '2022-09-30', 1),
(2017, -7, '2022-09-30', 10),
(2018, 58, '2022-09-30', 11),
(2019, 10, '2022-09-30', 7),
(2020, -21, '2022-09-30', 1),
(2021, -8, '2022-09-30', 8),
(2022, 89, '2022-09-30', 7),
(2023, 1, '2022-09-30', 16),
(2024, -89, '2022-09-30', 2),
(2025, 79, '2022-09-30', 15),
(2026, -34, '2022-09-30', 1),
(2027, 82, '2022-09-30', 5),
(2028, -10, '2022-09-30', 7),
(2029, -2, '2022-09-30', 2),
(2030, -81, '2022-09-30', 16),
(2031, -92, '2022-09-30', 14),
(2032, 63, '2022-09-30', 11),
(2033, 45, '2022-09-30', 12),
(2034, 71, '2022-09-30', 14),
(2035, -22, '2022-09-30', 4),
(2036, 65, '2022-09-30', 4),
(2037, -92, '2022-09-30', 7),
(2038, 13, '2022-09-30', 10),
(2039, 90, '2022-09-30', 14),
(2040, 81, '2022-09-30', 16),
(2041, 49, '2022-09-30', 7),
(2042, 89, '2022-09-30', 9),
(2043, -53, '2022-09-30', 6),
(2044, 53, '2022-09-30', 8),
(2045, -73, '2022-09-30', 7),
(2046, -1, '2022-09-30', 1),
(2047, -16, '2022-09-30', 14),
(2048, 39, '2022-09-30', 16),
(2049, -99, '2022-09-30', 16),
(2050, 81, '2022-09-30', 6),
(2051, -37, '2022-09-30', 3),
(2052, -98, '2022-09-30', 11),
(2053, -40, '2022-09-30', 9),
(2054, -16, '2022-09-30', 13),
(2055, -38, '2022-09-30', 6),
(2056, -27, '2022-09-30', 2),
(2057, 8, '2022-09-30', 7),
(2058, -80, '2022-09-30', 13),
(2059, -22, '2022-09-30', 8),
(2060, -63, '2022-09-30', 13),
(2061, -31, '2022-09-30', 1),
(2062, -28, '2022-09-30', 5),
(2063, -49, '2022-09-30', 4),
(2064, 11, '2022-09-30', 10),
(2065, 37, '2022-09-30', 4),
(2066, -29, '2022-09-30', 16),
(2067, -15, '2022-09-30', 5),
(2068, 13, '2022-09-30', 1),
(2069, -69, '2022-09-30', 11);

-- --------------------------------------------------------

--
-- Table structure for table `modules`
--

CREATE TABLE `modules` (
  `id_module` int NOT NULL,
  `nom_module` varchar(100) NOT NULL,
  `id_type` int NOT NULL,
  `vma` float NOT NULL DEFAULT '0',
  `duree_fonct` float NOT NULL DEFAULT '0',
  `nbr_data_send` int NOT NULL DEFAULT '0',
  `etat` tinyint(1) NOT NULL DEFAULT '1'
) ENGINE=InnoDB DEFAULT CHARSET=utf8mb3;

--
-- Dumping data for table `modules`
--

INSERT INTO `modules` (`id_module`, `nom_module`, `id_type`, `vma`, `duree_fonct`, `nbr_data_send`, `etat`) VALUES
(1, 'module1', 3, 13, 338, 129, 0),
(2, 'module2', 1, -27, 432, 134, 0),
(3, 'module3', 4, -37, 245, 121, 1),
(4, 'module6', 1, 37, 337, 122, 0),
(5, 'module4', 2, -15, 172, 138, 1),
(6, 'module5', 4, -38, 488, 128, 0),
(7, 'module7', 3, 8, 584, 125, 1),
(8, 'module7', 3, -22, 335, 126, 0),
(9, 'module8', 2, -40, 279, 126, 0),
(10, 'module9', 4, 11, 586, 122, 0),
(11, 'module11', 1, -69, 541, 136, 1),
(12, 'module12', 2, 45, 359, 123, 0),
(13, 'module12', 2, -63, 574, 143, 1),
(14, 'module14', 3, -16, 265, 132, 0),
(15, 'module14', 3, 79, 413, 129, 1),
(16, 'module16', 4, -29, 594, 135, 1);

-- --------------------------------------------------------

--
-- Table structure for table `type_mesures`
--

CREATE TABLE `type_mesures` (
  `id_type` int NOT NULL,
  `libelle_type` varchar(50) NOT NULL
) ENGINE=InnoDB DEFAULT CHARSET=utf8mb3;

--
-- Dumping data for table `type_mesures`
--

INSERT INTO `type_mesures` (`id_type`, `libelle_type`) VALUES
(1, 'vitesse'),
(2, 'temperature  '),
(3, 'pression'),
(4, 'masse');

-- --------------------------------------------------------

--
-- Table structure for table `user`
--

CREATE TABLE `user` (
  `id_user` int NOT NULL,
  `nom_user` varchar(100) NOT NULL,
  `email_user` varchar(50) NOT NULL,
  `password` varchar(256) NOT NULL
) ENGINE=InnoDB DEFAULT CHARSET=utf8mb3;

--
-- Dumping data for table `user`
--

INSERT INTO `user` (`id_user`, `nom_user`, `email_user`, `password`) VALUES
(1, 'Junior DJOMO', 'juniordjomo07@gmail.com', '1234');

--
-- Indexes for dumped tables
--

--
-- Indexes for table `mesures`
--
ALTER TABLE `mesures`
  ADD PRIMARY KEY (`id_mesure`),
  ADD KEY `id_module` (`id_module`);

--
-- Indexes for table `modules`
--
ALTER TABLE `modules`
  ADD PRIMARY KEY (`id_module`),
  ADD KEY `id_type` (`id_type`);

--
-- Indexes for table `type_mesures`
--
ALTER TABLE `type_mesures`
  ADD PRIMARY KEY (`id_type`);

--
-- Indexes for table `user`
--
ALTER TABLE `user`
  ADD PRIMARY KEY (`id_user`);

--
-- AUTO_INCREMENT for dumped tables
--

--
-- AUTO_INCREMENT for table `mesures`
--
ALTER TABLE `mesures`
  MODIFY `id_mesure` int NOT NULL AUTO_INCREMENT, AUTO_INCREMENT=2070;

--
-- AUTO_INCREMENT for table `modules`
--
ALTER TABLE `modules`
  MODIFY `id_module` int NOT NULL AUTO_INCREMENT, AUTO_INCREMENT=17;

--
-- AUTO_INCREMENT for table `type_mesures`
--
ALTER TABLE `type_mesures`
  MODIFY `id_type` int NOT NULL AUTO_INCREMENT, AUTO_INCREMENT=5;

--
-- AUTO_INCREMENT for table `user`
--
ALTER TABLE `user`
  MODIFY `id_user` int NOT NULL AUTO_INCREMENT, AUTO_INCREMENT=2;
COMMIT;

/*!40101 SET CHARACTER_SET_CLIENT=@OLD_CHARACTER_SET_CLIENT */;
/*!40101 SET CHARACTER_SET_RESULTS=@OLD_CHARACTER_SET_RESULTS */;
/*!40101 SET COLLATION_CONNECTION=@OLD_COLLATION_CONNECTION */;
